AlphaO1, BetaO1, DominantFreqO1, AlphaF3, BetaF3, AlphaF4, BetaF4, AlphaF7, BetaF7, AlphaF8, BetaF8, AlphaAF3, BetaAF3, AlphaAF4, BetaAF4 
11.301897401397, 23.1654288963682,30,6.15433899235317, 8.59205430325266,7.917728658151, 16.212237927658,7.12766951799643, 9.72382450176545,0, 0,4.44537952004361, 8.86768274936058,2.98867269920843, 4.70847529883344,
12.5891482520615, 28.323071239074,14,4.71465524366782, 7.05351276031679,14.6805902997336, 12.6598837125692,10.5981388206755, 14.7383546498587,0, 0,4.67006431815387, 10.5039137155645,3.16755378113912, 4.64747190695621,
22.8753829346605, 25.1694612440028,8,5.24974772574511, 7.66435718964848,13.2453690559103, 11.782072624713,9.92236434016882, 14.3432795714437,0, 0,5.90160368315627, 10.0177512830669,3.4379608312817, 5.00979098966782,
19.8938914414173, 22.4621800615393,8,4.20867068807533, 9.95148623166383,11.5449948393555, 16.776086963356,11.6734171877164, 10.9370799989493,0, 0,6.61461678788548, 10.779688127048,2.63783568727092, 4.19632713408061,
13.6054539432793, 20.240153597047,28,7.59684868811103, 9.75064913639454,14.7666163224886, 18.0156489123042,4.34829074594123, 7.10764478879401,0, 0,8.68188237719841, 11.8231210472528,1.11671459563988, 3.13169957416519,
13.1845633237253, 14.413325747611,10,7.83344366039572, 8.79408915217944,11.4248653010725, 15.8560981990615,9.32854552000452, 13.4865076484617,0.92275435622435, 1.19414302362217,6.96156419011761, 10.3643546916342,3.2770270216259, 6.1558434055122,
18.6273992210811, 12.547213944546,7,8.4491903051136, 10.3907609892045,5.83225568980694, 11.5537431869861,11.1471956991357, 14.832770439278,0.972895407748625, 1.15300200059168,9.09343044435448, 10.0218655779497,3.06625342573213, 6.40981129391636,
22.4432597084914, 19.1014093771666,7,6.57346230676048, 9.79065147451789,6.83779613688154, 15.5910171280305,6.51903072187286, 13.5295128352417,0, 0,8.98037502546295, 10.4613051439031,2.73607729079408, 5.56689660709755,
11.2614145537932, 17.2221553037094,6,7.09963054801325, 9.12000630751185,7.22243698955995, 15.3422390856128,14.7893693581961, 18.6712154410663,0, 0,10.6058870593352, 7.76955842329358,3.37241528988279, 5.1358743399435,
17.0043217614433, 15.9764726948255,4,7.51006695908111, 10.3189559064336,3.80875548633766, 6.72079665884174,15.5523696802557, 21.5282848125736,0, 0,9.19214230568516, 10.4963831344456,2.70522800622788, 4.41220057940061,
19.2570393630319, 27.3378942757062,26,7.34984526272049, 9.98148806202088,2.66668804253629, 5.77623088601803,18.20810801588, 19.1071421425616,0, 0,6.67182746160448, 10.3893726823106,3.2977717623202, 5.62100999444303,
47.3936464139624, 27.5639890159054,12,10.9203289475216, 9.21170251376092,3.96776000941395, 5.81163662007403,19.0381290381324, 16.6369486941696,0, 0,10.7099339429341, 11.2021576476763,3.81194901527685, 6.18897435114751,
60.7663181178364, 26.5108590474016,12,14.0950190547738, 7.79546623275223,4.08746585229423, 5.63588315696013,19.9143703154823, 15.008085080341,0, 0,14.1783168832789, 9.71981749937286,2.3116910364134, 6.41123106259026,
57.96159189326, 25.6312478313549,12,13.276537519465, 8.21604859986222,2.02121786235621, 2.76274772575806,18.4927726027069, 16.695331501581,0, 0,14.6840318772664, 9.22534424114048,2.6470070098294, 5.4044495999864,
44.5275845470757, 27.3380236101302,12,9.87104060514077, 8.72200764537927,2.81301872351828, 3.6653662759445,19.810969330349, 18.6425018228461,0, 0,9.57754457984922, 8.95225415465706,2.91514323174262, 4.29895634002597,
46.5759240059161, 23.0114589437461,12,12.1183006832752, 9.36647619205397,2.34694891105981, 3.05022361998651,23.3410052081866, 17.9831668448723,0, 0,13.8121476933743, 8.8965618653156,2.85974924727081, 4.8325239353082,
61.5394456724402, 23.7864330099127,11,10.8165425837434, 8.25171467127531,1.86490224062408, 2.64411946540389,15.3587615224078, 14.2541553772703,0, 0,11.3946024282642, 9.04758680191632,3.30759986370154, 4.90886137538518,
60.8405101494503, 26.9695211176413,11,12.8534065477904, 10.7069660107621,2.4692255976718, 3.41391688312982,11.0796312819396, 15.8761268552647,0, 0,9.8241695062372, 9.69736520851504,3.37520030399696, 5.39893719729487,
62.7982471470749, 27.3902835461408,11,11.5701840715459, 9.14911386772498,1.9938995208377, 2.87586388970308,14.78418161598, 20.126409558118,0, 0,11.3987036808214, 11.9696930048763,3.55338155875042, 6.27814607916531,
45.6231254879551, 25.3048777532058,11,8.31365228831252, 7.55017165183428,3.1740425827776, 2.96136823693403,13.3013895260038, 16.1260966567283,0, 0,7.29463955956809, 10.0030726725333,2.67116228701766, 7.41549943443498,
17.2741401180648, 17.4942342852893,12,5.34597016454769, 8.61788173334187,6.83943185518481, 7.08309290733395,9.17548419595053, 11.2658807324767,0, 0,8.10753354335145, 10.0573653328162,4.01086539568654, 6.76971902475242,
10.9163355335819, 13.3331443422894,6,6.36497840491476, 8.87040515879761,6.23174532088078, 11.4077523968127,8.81559516907291, 9.54419326556041,0, 0,10.0631590648029, 9.82866432542779,4.3737382374132, 5.64889336078878,
18.3801694734727, 16.8331981211722,5,6.71132684477744, 7.91022378897523,4.33075338387783, 9.2846682133417,6.65548741188451, 14.1118306761905,0, 0,10.9655088271246, 7.52464354962911,2.94400208492837, 4.58019616958802,
19.036851446565, 23.1238675873282,4,5.45972136532009, 7.07153206400912,4.05157291138561, 5.99553129472368,8.76436105696536, 17.560007346632,0, 0,4.71635034985461, 8.50507088374417,1.82841341508018, 4.80535552476759,
14.9666168927304, 21.8140737213235,11,4.34581733362687, 6.57026791425253,4.36604570156233, 7.89528055796141,44.5152677177773, 37.8467946658565,0, 0,6.13147422457141, 9.24193369366717,2.85175185718936, 5.56246538300944,
25.1236820215107, 26.0070273212367,9,3.10382778399594, 8.20299594335853,3.31146899536713, 6.9820717210092,46.2528669268195, 36.1208590282996,0, 0,6.62007588351646, 9.54375522340626,3.94683268363645, 5.74765672290255,
19.210748996097, 40.3438358001948,17,3.01467585659938, 8.94116947137814,3.95021065755349, 6.58721550018444,12.7240994861486, 11.7899876815419,0, 0,6.94214688821957, 9.66462467899752,5.18476262238624, 7.56506915867092,
15.3902739645536, 40.5763042828899,18,4.27370645887243, 6.22385398615226,4.9225966036997, 6.27405573250382,9.70319496084675, 12.468588836685,0, 0,6.57173719119366, 9.70640355646715,4.82430889688106, 7.58035647631425,
14.4748630644927, 33.8702181457688,4,3.4312418822603, 5.44465457074752,4.23937272694751, 11.3917329453526,13.2640290686407, 14.131791690901,0, 0,6.00258548222081, 9.89493598302289,2.30410342587008, 6.57601421134459,
16.6214169544041, 30.6730593822381,4,3.32523658041911, 4.77110673086369,6.41362681908772, 13.4798487507346,14.5360417216404, 18.5719286774817,0, 0,6.84172902083717, 9.91154320895224,4.26861867918513, 7.22054860906094,
22.9557625991218, 26.1570999607614,9,5.41372454681506, 6.85402268361875,5.51783357780076, 10.1535916128236,18.8088950070656, 18.3680061539745,0, 0,7.07738144248052, 8.25783450272315,5.91288898195502, 9.06208128408704,
19.5555894529141, 16.9053601315034,9,7.05301826552169, 7.43551103003048,4.25442951090046, 6.00567975310534,19.8412243774717, 16.5243489450745,0, 0,4.23390978611903, 7.72306293850486,3.85323453272894, 7.01623928509925,
17.5505267670699, 23.548040187518,4,5.53648133449956, 6.9025421948863,6.40098833000205, 7.33513138071386,12.1298623647756, 17.8129799670841,0, 0,4.86478555809821, 9.73102892003952,5.05901434700496, 7.16221271398883,
19.8309993374925, 24.3306702326177,4,4.26671116827253, 6.3327886368747,6.55361383178233, 9.43301090802565,17.0164143370697, 19.1077926387425,0, 0,6.80639400321664, 11.860840663057,3.69759426323267, 7.12528618232194,
15.2315001906058, 20.1142903334741,11,3.47012902958308, 5.26741173008482,7.15475204024367, 10.7826487948582,15.737183628718, 15.354610304284,0, 0,6.62598524514269, 10.1415188826117,4.58502677613577, 7.47375604086528,
14.999649225999, 20.2632245986703,11,2.72420159925169, 4.65164123527409,7.59379501832669, 9.2293456287976,10.933537001687, 11.5288801360552,0, 0,5.92739953496578, 9.74786619820744,1.87717657177323, 6.89027892583282,
13.0204668373564, 25.1621603706992,6,3.00116150716552, 5.52540459405139,4.79147478597625, 5.46398708634235,7.30272528865061, 11.6160151952474,0, 0,4.0646615916499, 8.89941817088413,2.50087075571008, 5.92055724352156,
13.0512709914863, 20.9799230443948,36,2.70071265262712, 5.33830332886943,2.8798627674906, 3.56366468487935,7.46668789864215, 15.2420791285724,0, 0,3.41375381414069, 9.82793575707658,2.36588611208579, 5.51758827326219,
11.9114247557055, 22.5153223381966,5,3.71199149638567, 6.20598894681662,1.73372378430454, 3.23596948034844,6.57292164700771, 16.6541218609881,0, 0,3.36510244422321, 8.08356608895518,3.45440335380162, 5.84358448525874,
17.194369077044, 23.0966410760347,9,4.26736414290508, 6.31541591046254,1.07524827005464, 3.47720720719546,6.60818594911817, 16.0897770337551,0, 0,4.89038809431506, 9.51947986195531,3.26453337929356, 6.93153653009283,
14.4401590865453, 24.7320580029408,7,3.18606959721677, 5.1300061040284,2.15168588816034, 3.64353686994071,13.6620904081063, 14.6116529648188,0, 0,4.99064820589198, 10.6867882028919,3.3732149030802, 6.62442043382223,
19.2770823777574, 22.4576420052564,4,5.82290861950998, 5.71955061712583,6.67212452984562, 7.49720340005722,11.6544879837186, 14.056073383413,0, 0,4.80590776419813, 7.05295785344159,3.42218974105854, 5.23928793082944,
16.1632446013878, 18.4825859450831,4,9.66730533891202, 15.4096469432454,6.47496374994543, 7.23190260661045,8.86828335334649, 16.5170244856214,0, 0,11.4834235382937, 21.3728674313305,3.38456961186489, 5.50324550034367,
11.9198734943172, 19.3170150459249,4,13.7868129945777, 19.0206029334069,12.2704785462106, 9.75364127080913,13.3025948223456, 14.2724812197805,0, 0,16.8752789029586, 25.5691446123211,7.9278630327644, 10.1348609890885,
18.2602900998404, 21.2028570769714,4,19.2719727954067, 22.5210528878534,9.84249694828263, 20.1899958530567,9.14873217125009, 14.7611327743829,3.44373218610929, 3.87601830025611,14.5953940596352, 21.3335562592045,5.29754775795689, 18.0542966900537,
15.2278879459271, 23.8648169493991,4,23.5382299008785, 23.9244124068459,28.4918014052435, 23.7907534256962,8.25424446705842, 18.3749252539205,7.01897268504119, 5.62580113901614,19.1233929698678, 22.9566891968248,25.9871167452512, 24.9876304225859,
13.7931245034364, 19.5187807610472,7,28.1126904962246, 22.3725964718292,18.6794690349562, 19.2366568551548,10.5629607350641, 19.4519594397131,10.2063473390314, 9.46064539167,23.8516247784958, 23.9981962663278,17.0490386427884, 20.8116206974845,
15.9214426776527, 29.6594818713936,7,22.9371085643302, 19.2100910302884,40.3778276254497, 21.7597153736885,12.2797102325044, 15.1242960643847,14.768990796393, 14.192591644774,25.854881793479, 18.8323957806941,34.3460986275849, 26.5742215128426,
18.5586826081003, 34.7282892040319,7,21.6007210889319, 19.5750943509516,40.3445847224342, 22.2177951895634,12.6034126258597, 14.6600556042766,13.4360261294516, 13.3327084167304,23.4649897034401, 18.3602642936803,34.4562398651114, 26.6097682287414,
19.7957735694003, 28.9841863234119,7,7.88223054956179, 9.9152554605078,6.00426386254555, 7.59189994535882,9.83089311469605, 12.3605404674258,4.8644140587056, 3.85801357713825,4.13237461244372, 8.32493878976321,8.62808660105826, 20.5729883609744,
16.8767681771494, 24.5730650430504,34,10.4862085100884, 9.71844475794417,7.14446724116367, 10.409468050873,10.6729300316184, 13.9883149795675,4.87425676252572, 3.89383739792837,7.09703880834572, 10.7682754131957,10.8424979737439, 19.1735152181025,
9.41231488043801, 19.5516258157975,36,11.3927012042125, 10.2821062368817,7.13854655806205, 12.9534951722366,10.7194131226159, 16.0598297397576,0.446222463851245, 0.598588159932989,7.71198972854366, 9.5959104252312,5.25689885513287, 7.42871340509963,
45.4871554701533, 42.2480685983314,4,33.1673561607971, 24.8885217095664,9.05013441029651, 13.8618393721064,12.1082307740304, 14.1045078535448,3.18329003349211, 7.11645030376439,31.574472203701, 27.8124380935728,11.2881411138247, 11.2257378040814,
228.639273350822, 208.788041998472,5,343.379764794269, 252.10628192386,26.9231910138453, 17.8896877779978,133.161693851652, 115.440471512939,11.401850574331, 13.7141590416238,290.695084428785, 238.599190011313,37.2119970787284, 26.2085666014056,
376.314224419019, 154.175046261653,5,279.456137061165, 205.419067969789,31.3901163189599, 37.1085258932317,125.745217208062, 75.2165323614721,10.1313217328123, 17.905466911061,288.327914115935, 191.046034772289,25.2051684111058, 44.9251422521257,
433.286545546981, 184.229846636403,7,479.144215754642, 250.031591720726,46.7879717172567, 36.2476895620914,211.929289911966, 94.9589135973567,13.9444288624931, 14.8581396104022,464.523989878142, 244.122458068953,39.2668258794331, 42.6128805040329,
31.0988374011685, 58.7028659428432,4,89.1703523642067, 58.4244033411905,48.3928719648086, 34.8235543358884,35.0826281867071, 24.2925864769679,13.204053513595, 14.0856001298236,80.2491497133302, 54.1829385207022,49.6393071006266, 42.7480862269708,
49.4244548539555, 62.7450173511974,5,90.4969825721532, 68.8223866906114,38.2279220441958, 33.577127245942,26.1592791031464, 18.6041500930502,13.1596443358841, 14.8756822759995,71.0695416181316, 58.9121929736482,40.9868621384287, 40.7249617420186,
25.5079956290611, 54.8328113722498,32,15.3912277323825, 15.9635487041082,11.8814526381284, 20.1945830884621,14.8066861037881, 12.6369694579437,6.90302414481241, 7.1335618123678,17.6317402960671, 17.0767929245797,14.6733332685957, 25.0557231413182,
31.374820283114, 50.760106101728,33,18.058994415588, 12.1314905004139,12.7538022134619, 18.108296100912,8.97918409436159, 13.8077064323313,3.40170141732719, 4.34241400165848,15.8466587787108, 12.4676122681169,11.5529617293401, 24.3368680210459,
20.2291428736951, 44.2067884603898,13,10.8524924184509, 9.98961032033403,12.8963537632053, 11.4591877838488,20.1965056428875, 21.9618893259242,3.40298722251964, 4.32350997592013,11.0515869622487, 11.5803667485063,8.1763678949982, 19.6428377440164,
15.9233548122972, 35.2362901295592,6,8.58702889208017, 10.1267967753226,8.06150875453893, 9.86073271965166,14.3928467051131, 17.9340871009701,0.620464948700682, 0.954562645358836,7.07171325967539, 11.0587435869417,5.79627237888006, 10.8724457825458,
13.7730697596043, 26.1269331173519,5,9.90679790805434, 8.37756054118959,6.92489451396224, 10.7801405082566,8.03585925090836, 13.7589690292246,0.620464948700682, 0.954562645358836,7.99076430221726, 9.21108252898717,2.95082565005364, 8.65739509515391,
16.4343779580228, 34.2199941820024,5,5.83857254580533, 7.0423012256425,7.31141247166273, 11.5266983635516,10.276062951855, 13.9290529429497,0, 0,6.25423246707052, 8.32471534063,3.08048683252798, 8.91674006072562,
14.0305295982548, 34.4831181429784,17,6.33976684641337, 7.55162533225738,9.32715298668217, 13.8349565277968,9.27451129588007, 13.9209956409923,0, 0,6.03028249079793, 10.1266815748863,2.69719068608295, 8.79534832227209,
12.6361673269392, 29.2789539058792,4,3.37283230831851, 6.42055273906171,8.3489425262053, 16.0326193612763,6.8161923962942, 14.3254494676464,0, 0,6.67778395713416, 8.90518011283627,3.20270377129387, 6.14761986355434,
15.1272890933258, 31.9841403711569,5,5.47649243775861, 6.20973722349216,6.07518226411679, 11.3034526394676,7.04884336084389, 14.9212568755253,0, 0,8.678828079613, 7.31085678701978,4.05762135274928, 5.77536436549695,
55.3109001659677, 31.1048101026162,12,3.98459074472968, 7.4858865214254,2.54410958642585, 3.958946472458,13.5721189006064, 13.7967918851152,0, 0,8.51165455437293, 8.88130766259722,3.44552170971612, 5.56839482273548,
63.690451183991, 38.4239653167239,12,3.78741261766608, 7.80304277169112,1.13949595617162, 2.27415208268124,12.6394318776468, 14.206591124272,0, 0,8.86753015212402, 11.1311234279538,2.90119742367023, 5.04118146823994,
54.9879844187413, 35.131701394656,11,4.38526978109524, 6.12637918239331,1.01733878096944, 1.96958976063137,10.5041645339635, 12.8477988390167,0, 0,7.66494637049985, 9.91634561665944,3.28596333327697, 7.35563018051798,
50.3363129221132, 31.9678135595082,12,4.22424781235187, 6.55317940957203,1.01175433459258, 1.92824429755986,13.2211015740836, 17.6602568586022,0, 0,7.16951963875469, 9.65522992761603,2.47752928562215, 7.78177656577545,
60.0436582022079, 26.6810146124462,12,6.84458398618931, 7.13877880914393,0.344055763498906, 1.15825093697606,12.7979397712982, 16.461878946493,0, 0,3.24456303311656, 9.93160840702836,3.01029642047889, 7.00296834152144,
62.4901993123108, 33.3507609392077,11,5.35860450204954, 6.60293770979932,3.04246123908509, 3.19404841045721,9.4387674691581, 16.9792445288291,0, 0,4.21658799477786, 9.43936767846289,1.9390038148839, 6.35269364411563,
43.0649363445434, 22.2097628014232,11,3.77245376868046, 7.2668695892375,3.39451783383647, 3.46481799207091,6.84158438009474, 15.6595304897004,0, 0,8.52908922983987, 10.6277379008548,2.48222257003076, 5.45354369805275,
15.9682814692924, 19.94278495,5,4.17489828135419, 8.0255525887308,2.07021066912021, 3.20165047242048,9.70167166649022, 15.7613254989037,0, 0,10.2598573035079, 13.4017983692851,3.31578106822437, 6.68826485600337,
10.8059988596824, 19.5524004408693,8,4.07365297691552, 6.63004352808723,1.47774335829615, 2.76967425501281,13.0597386165597, 17.6107947670285,2.29357324506984, 3.82428744193438,6.60711671555714, 13.4248165906753,3.81993387220167, 6.49782301780971,
13.3378307033869, 23.834634362977,14,3.6594241821697, 5.53327539793839,0.986939206238436, 1.52244347396706,10.8447361891592, 16.1936191618828,2.29357324506984, 3.82428744193438,3.24481828282011, 10.8045780870533,2.60171050011437, 6.19892758319978,
11.9761198010261, 22.7708692708065,14,4.7601741311513, 7.31696742306946,1.24853026984983, 2.77274151906906,9.70924822738002, 18.8790393366227,0, 0,6.68758162805183, 10.2138250381093,2.99512814667335, 6.36348936718847,
16.0307637316015, 19.9590365964426,5,5.50155588685104, 7.96569034262019,1.52096441287927, 4.06096906657657,14.0288752188759, 18.5809711033763,0, 0,7.97114942975416, 10.3339400060745,4.07924030355934, 6.69719229913634,
12.4779968884003, 17.1025633378963,7,3.3855923613347, 7.19565828239777,3.12012457089472, 5.88463903288614,11.021483157859, 19.2738309429457,0, 0,5.51794772545938, 10.9957481607445,3.02461861215175, 7.68700375965184,
11.5944258973458, 27.9219779712474,5,4.56307142949796, 5.99830774340623,3.76242577744216, 6.06418667000484,6.73753043266438, 13.4197356078574,3.31654665469616, 3.4894982171583,5.83831834052036, 10.3590841855309,3.13496729175475, 8.16290133874257,
18.5750716281785, 34.1981020645698,5,4.84950413420914, 6.43380216950341,3.83261725471884, 5.96121492879235,8.23194773320949, 11.0376953083426,4.09657285893409, 5.58476139632937,5.71241298321417, 11.8119492258621,1.75968582882848, 8.22144905017755,
33.6916158273837, 48.0396240753666,14,5.00883608351402, 8.1613217292797,9.3407993631231, 8.19252420488188,12.3350885620089, 13.5320336670696,2.83034206225697, 4.34398266955209,6.19320865367514, 14.2054436218792,2.9718357893803, 7.34593549239847,
42.2997411067178, 55.5548564756258,12,9.59042584420663, 8.84740224514394,10.386795843179, 10.1143800012459,18.0603417942966, 28.0524080793819,0.957145223660752, 0.95600208074637,4.485319621216, 9.79669732890073,8.58134655558131, 13.4222664701899,
32.2388015647098, 40.3277705287263,38,5.88190148117974, 7.48381029334767,9.65293838598817, 18.6662434228236,31.8853542354798, 33.0168325000738,0, 0,9.31888194664212, 11.2689393586726,10.3328174019501, 17.2133658206778,
22.46392985219, 38.1593668795498,5,6.99603724838838, 9.91344730964392,9.16930865857089, 19.8106591855671,26.352410217067, 33.2294884848413,0, 0,10.5344903510556, 10.4595311127312,8.48399460977114, 14.3234820646783,
22.0190781966572, 36.4826347314302,4,6.52608598261819, 9.37557236223222,8.1746942138581, 15.7162263325338,8.11890998903246, 16.514636727389,0, 0,5.51255635712494, 8.3186881967155,3.19441517392754, 9.25012358602911,
9.77763405169833, 26.3802882054957,25,6.30081120211797, 10.3545349130619,6.9687634326473, 13.8032539781647,20.19509370577, 20.0279249127231,0.101355053210488, 0.192307692307471,9.08940698850509, 9.01434196822186,2.811553226775, 6.33995155717334,
7.03939888796766, 19.847270453879,5,4.99879299206019, 8.34388687424731,5.21337973939056, 12.8014458659881,12.8085228204736, 17.2549902175653,0.101355053210488, 0.192307692307471,6.70007966445689, 8.57281961930438,2.8592872591008, 7.0086198370911,
11.8606657980548, 24.0920641804926,6,5.70981830432929, 7.28624285837393,7.45957420151386, 15.2244906797941,14.1023727424138, 13.593784090043,0, 0,4.24723680637255, 9.83436330842977,3.31158108405576, 5.83446204362821,
13.0623225328839, 21.1050093688149,7,4.67555829833947, 7.06143388509891,10.2207798351588, 17.9762982319027,11.1282936810949, 14.652084000609,0, 0,4.76111898159815, 9.40516806804206,2.4512596794512, 5.05728240215695,
15.0896155926217, 23.008829717359,5,3.92210427569541, 5.86901452712264,8.00030306135573, 16.8709753964943,6.83871635304693, 17.6061024793619,0.656084447957393, 1.08745825895901,6.10714705166883, 9.15767864614599,2.55614479145667, 6.93424171557229,
15.6868873144089, 24.7368591346299,4,5.1787286730653, 5.76773103774386,6.29657526832808, 12.3366654773201,11.9774784606883, 17.8847812152269,0.656084447957393, 1.08745825895901,4.23232219835644, 10.3106474475209,2.69957069147955, 7.5316890681336,
17.4272232205491, 24.0058592602615,4,4.07531799719418, 6.34316719642694,4.96442280873885, 9.81865357858382,12.9645653800524, 13.8279260656702,0, 0,5.93163018380459, 8.91530537156032,3.33767297505109, 7.18263066028848,
13.3817835514354, 22.3507502870584,4,2.88161291079091, 6.2072016615121,3.61687918733087, 4.87521796179846,15.7379065880784, 16.9179672986521,0, 0,6.38706046064145, 8.05081013968804,3.57526497347691, 6.17397184307349,
15.3581931692038, 22.6262364738002,6,4.01492201107966, 5.7614495988014,3.41923661629117, 4.94906926910374,11.0999606453537, 17.9416775150402,0, 0,6.41284325199926, 10.0459095744355,2.89767977889634, 6.15588700866476,
44.1518734885365, 26.9881920760047,12,3.17648799988718, 5.56657853089583,1.46311191511898, 2.66918395403106,15.6142993805454, 15.7141417909568,0, 0,6.47472989239881, 9.89018969136094,2.21904088819522, 6.09940923025401,
43.8839074435758, 35.3537673945453,13,2.26824311364254, 5.43988450880643,1.49825168117948, 1.76297865729289,13.1216405190964, 15.7761020948604,0, 0,4.78476368773122, 8.81476155364904,2.20658564955573, 5.04597194695798,
61.8356343253845, 29.3757603756105,9,1.47265915878169, 6.05083566631761,0.75731788436384, 1.1142993341811,8.54611068910894, 14.1773381470338,0, 0,5.24558283226207, 8.45456542118487,2.54911222867164, 5.37544568610151,
58.5696587722508, 38.9561379985648,9,2.0715772422678, 6.91878413748355,1.41693175368928, 1.79945314482522,14.2517019557676, 12.5161414280902,0, 0,3.43644559240968, 8.34121871340397,2.90736098223613, 5.86121016270045,
44.4493858667162, 22.3807209566607,11,2.08152388704471, 8.15423862869264,1.94065903833684, 1.91275856719726,12.1944985807038, 17.081342832816,0, 0,4.48706700832689, 8.9271915606573,2.86244411624882, 5.66960062764773,
47.6792505027836, 27.5993740271654,11,4.31262181261189, 8.27705566970766,2.79976462241823, 3.97290453752667,6.70471320673439, 16.0092852932157,0, 0,5.64563048278595, 10.1800590895522,2.62763095480025, 5.06927428329937,
34.2721438268098, 21.988794534233,11,4.8324420201249, 7.83286214130104,3.39643272354666, 4.96818850458983,11.1666645363862, 12.8428067981659,0, 0,5.58215935111357, 10.8593953791919,3.59506526662893, 4.85074497651941,
13.5457956568611, 15.4922489450169,32,3.19420356768928, 6.86425553308848,6.55439821278773, 8.2090119380057,6.54593698962664, 13.3992903774129,0, 0,4.19135890483482, 10.4375859185791,3.67250059443912, 4.6988674494111,
17.8307778308011, 19.9428736852365,5,2.65130705497089, 5.87037748537298,9.89685853773502, 10.5373725555721,6.63902811165662, 13.6307802491548,0, 0,5.00257153354538, 9.57145749830491,2.43156147233974, 5.04336052990094,
15.1901918480867, 22.1926657993118,4,3.87242553099487, 9.26028769313581,7.70352969586176, 16.4486939790289,7.22900443817791, 11.884104112241,0, 0,6.17261814655926, 8.15154195356569,2.64433904232706, 5.49369846119143,
19.2966523743488, 20.2236401564921,10,7.06639522939464, 8.74658437298589,8.38134978400928, 22.0089935872029,7.41821318603504, 16.267475656848,0, 0,6.49164528993751, 9.30938854184205,2.55174562346749, 6.18601282348803,
41.6210510346532, 38.4237682069494,5,15.1867698506705, 16.2277898315897,8.74865788914182, 23.1069230864709,46.831319671319, 54.8453694674028,5.41099229989117, 4.3074440343072,14.9161491650076, 13.8019469845895,7.08026192425436, 12.3395262663171,
55.5750959362109, 53.7160678189605,7,73.9425879229353, 34.9347922769371,109.626010895664, 67.7950104615085,32.7167869832291, 40.1271799507279,59.0911052225474, 37.3043753755428,39.7404022316745, 21.8316758844197,156.711825540377, 93.2663596267989,
100.372360415404, 52.8874944316999,5,209.487489192579, 57.795065701033,148.870506187944, 67.2358365112491,71.2731510155404, 50.9089960169607,69.2386604832239, 38.6015338481014,176.827989053587, 46.1323049085448,192.038795432134, 92.881085690151,
75.1764563463262, 42.417956223639,5,173.663609056843, 52.5647111537141,125.818405886268, 43.896226891888,62.336597990689, 19.5396283133779,39.6887968842369, 15.7155333049937,156.929093540743, 46.1859144948421,138.959425552585, 48.588840001252,
68.5180107700568, 34.3977232557186,5,142.832687039742, 31.0545050767777,86.3007113628989, 31.9622148436835,54.9294811044446, 19.8987637771211,29.2113039613702, 16.4771042860524,130.262421366277, 29.7433781382034,100.220716543018, 35.0696437903191,
34.7504354165373, 40.5060135896748,5,25.9146160948087, 24.1838035809493,40.8997703553851, 23.0926557374942,18.9233825789505, 21.7785770618519,19.2139871490982, 12.1218534366826,26.1238707988458, 21.4627208869908,56.4328251426183, 36.4422999906633,
37.0841213196155, 40.3826913598603,6,21.4221793863726, 14.8085893790832,11.6577406111247, 18.8518372140445,14.7969097695375, 20.7353056265299,3.62899255537568, 4.71832145844379,14.9646581599308, 13.5619365430759,13.5734391880371, 21.6000740174405,
18.0388281544114, 31.6609026863368,33,22.7434560493797, 15.3244193318295,11.588992213229, 23.3044093256135,21.4826365611414, 23.27018771945,4.27041294478395, 6.51653368850761,16.3379206221428, 13.8911179529194,11.1637673967074, 28.681375117725,
33.1644645244156, 42.7219288105661,4,14.6924508567116, 12.7278878178631,10.7924539538596, 18.3626978333797,22.5994580331376, 23.8970345611845,5.82819109394505, 7.78267327370835,10.098810409928, 11.905606216601,10.7984891175996, 30.88303517764,
32.4160922456552, 41.5968134506244,4,16.0366626543038, 11.8029504552507,14.2372480775154, 22.864920427578,18.4020695847484, 18.1419059306876,5.54335765756466, 9.40255381232631,11.1989708914334, 9.15202014796915,14.7984513453374, 30.3661830104906,
38.1405277684151, 51.587391213475,5,9.06776408747724, 10.9321816896315,21.2663457269219, 19.4720594943607,16.0406834897059, 19.1035899182381,9.14343983133095, 9.96258898775313,10.2143986736468, 8.08213139688651,21.2218141244391, 25.8468252362359,
26.5843919264318, 36.8928254147435,4,6.97330102466816, 8.48099257940016,9.61824727707862, 12.0439389468014,14.5081610705501, 18.7896006259447,5.28486185028931, 8.44473522692724,7.68310164403796, 8.64597604037013,11.7288896692625, 15.4710103400592,
17.5488230178143, 31.9484509561678,32,8.18160655997025, 7.92441339282567,8.63968017024943, 15.1658933380343,9.59043607307395, 20.5625036883632,1.74136035813893, 3.737073363925,5.25707263228497, 9.8212537612638,11.9387381339459, 12.7873829302509,
16.1905514057113, 39.4869427233849,30,10.989726278149, 13.3323861295092,7.59802765862803, 19.0116336132998,14.0919789516535, 22.9540272093516,4.52572586507881, 5.4440614760699,9.14942484300845, 12.5560516323908,6.69150094529215, 10.9789324134752,
23.1397403502892, 33.8982237588808,6,9.06631241470678, 14.9389333279118,12.0004103094427, 18.1624886021843,10.0265515350986, 18.9601142620667,4.13924903493714, 4.11464102016836,9.85054218188919, 12.5663104180703,5.6298024536315, 11.4762136332336,
22.3103375232318, 30.1745413093246,6,5.17646698363291, 8.47852842652799,12.8805364847988, 17.4108500935478,12.7686643833772, 22.7577465948403,2.83292954842348, 4.22532940797268,5.43301036196511, 8.30495948049071,3.61054413596706, 11.67732108515,
19.089104019552, 24.5649968203612,4,3.81573081889808, 8.05367598442871,6.9279644286948, 13.1307332034443,11.4177943001994, 21.7378525174426,2.79957868832795, 4.38395263274782,4.06831721191657, 9.08297094927789,2.71373151037391, 8.70173452354943,
14.4510122869854, 26.2860421755848,4,6.14756393729401, 8.63691586498276,4.82915784669845, 11.1070983519447,8.70271750865382, 18.140501780005,1.09060968407706, 1.39563936973129,4.31821206131034, 8.50562737321686,2.13498834329911, 5.80159126165109,
7.88796711706228, 24.3759421678823,4,6.40389101171697, 7.6419926013083,6.42078182482625, 7.99962886765234,8.40522681118778, 15.5645682948681,0, 0,3.87811172016079, 9.12419405267473,1.93563496924655, 5.15071482730445,
14.9918795200426, 23.2802727512722,7,4.28065187597271, 7.85678151677115,5.45387407540731, 5.47470641497423,14.459097485634, 11.8348508587073,0, 0,6.54603151030777, 9.21510514671852,1.72749441900181, 6.97422650600017,
19.7566780470237, 29.6083006277915,15,1.96038684843167, 6.66560915842118,2.77998267741337, 5.03554943607743,13.5253083472788, 15.3893945109573,0, 0,6.78919906311951, 7.83509203359306,2.31910465842121, 7.73176093569108,
26.2902398829978, 37.8861641555917,5,5.05620489786787, 6.74538914127908,4.10075569620528, 11.7658220960012,15.5815933487602, 22.2728603546503,0, 0,6.79926237583335, 8.77871553421515,3.53583031236409, 8.78343449114328,
26.6255007765198, 60.3290370991866,6,5.46303189828502, 7.31098415890684,9.80098781516965, 15.7496035126488,14.7688426165121, 19.580721096633,0, 0,6.71546974024065, 10.0531667815204,6.37883314854464, 10.0364749594203,
24.7033067475529, 55.5556294597618,27,6.26610364217207, 5.86127915791201,10.3873301462826, 14.9898698983251,6.03205522814303, 13.5289394161898,0, 0,8.00843327778166, 9.45795917958514,5.63324117525329, 8.09016418747921,
20.7186737497271, 33.6777856688414,10,4.810384151078, 7.28739308613895,9.65191750255341, 10.9269852854623,13.4734664625622, 16.6179568265284,0, 0,7.79817758749884, 8.42760960286948,3.70849351509815, 5.08560496863599,
96.2209291204119, 95.8391080996912,4,5.48566288044903, 8.17847792727479,7.92024384702244, 8.30981850039408,29.2713685161857, 24.8885511050126,0, 0,5.59110928911836, 9.78448339777393,2.46556715796135, 5.4609245762616,
87.4262060022448, 71.9985803213458,5,4.65562650743261, 7.22474368674203,7.1884397106838, 6.69792730251565,31.6798038621049, 24.7066410827713,0, 0,4.32617184465265, 9.09088405295516,3.01261375824244, 6.21130648979958,
39.4022494434835, 54.8247675268373,5,3.82571786056735, 8.57532621453649,9.38471290802941, 13.3972744562917,14.8987565027861, 15.7147733814404,0, 0,3.37502600843482, 8.81553460816462,5.25359168973836, 15.9540883676079,
43.647295951114, 54.943670515879,12,16.2869043447699, 14.5951914655486,29.0828357920069, 34.7929780255098,34.0886606636944, 23.2880375627564,2.64812296749348, 7.05613228963422,7.0471068135715, 7.6671667038274,20.4762143223034, 39.5665790893567,
451.519343277904, 266.057309086947,4,28.3921141597214, 27.7479066477841,46.4092498293081, 75.448870576779,354.797855794378, 332.372363673592,8.37060867418119, 15.8618906104342,16.3273527826852, 20.1772454082371,43.3971345903911, 71.0848513177631,
306.620313809582, 224.606148653502,5,37.2477754125412, 26.282384226344,50.08878218753, 65.4104861085193,406.372306257925, 351.09567185474,12.4641988496924, 16.3622981238831,30.9780933679654, 25.8376061195061,52.9295220261837, 57.234583993093,
311.606313175578, 233.018665728196,5,84.6810657625069, 77.1573908312869,53.444236996403, 48.4068892897179,96.4296654618748, 109.607661219523,18.7141687444489, 17.9146441788695,72.6780929069293, 71.4152844354659,52.5549022258518, 53.8481033410067,
140.664729505913, 95.0127044292512,5,72.9119312877772, 79.2501212124735,34.6441354474472, 44.8792026929545,49.729855022346, 35.2569881534482,18.2801620556192, 23.0088933134502,62.4920878055569, 69.8283079031974,47.5512091097043, 53.3248051154198,
102.580334905464, 88.8454836286741,4,58.8008214647483, 23.6519439017365,36.7077476223412, 28.3037395305311,47.1860989889089, 29.5794043285065,25.5941896111981, 18.6152121373522,47.1355810972164, 21.1598295206518,58.5812966779503, 40.5622818743588,
103.057619180279, 95.8425096182817,5,37.3713643714086, 30.7217069816167,39.9833576467678, 26.4325272402858,25.2280156273813, 20.1629577967938,25.7783324471274, 12.8309301267997,28.6776563766745, 25.8419605899202,56.0803292098669, 41.083469124504,
54.2945764159333, 66.4590950497411,4,68.173093422438, 58.8756120444539,50.0144057539959, 44.6141594178956,25.2490974184454, 30.12429607214,23.4200367783465, 16.2788832191485,63.7169302019942, 53.0653324393211,62.7107244536736, 53.4491423856847,
36.428143171182, 57.6912560844166,5,81.3062513134823, 67.8814883009282,65.630105538523, 51.567995468778,27.3956534232251, 30.2460999822798,24.1948935419077, 15.7904222404674,69.7860163713847, 63.6605609734449,76.4059360103828, 61.6321651199522,
62.212017147729, 73.9452287376265,4,79.534592174914, 69.9004209263529,50.1841119289556, 55.3537163499412,17.6428003389082, 21.6228800948896,22.5067851544344, 19.4731881946029,66.2381428447916, 59.4061459484688,57.574362729039, 67.0640176810709,
114.025485738475, 94.2294633935979,5,231.287235260989, 172.349279474527,138.527813975655, 108.611110358011,85.8124540891573, 64.1242999989721,45.2215585193711, 34.3758602907931,211.434057549463, 164.363673157214,156.783344786798, 118.375931477798,
121.654829985269, 129.497514835407,6,224.891187325418, 188.504608427077,133.67806887209, 116.94699195392,89.927535727919, 86.9289793404588,46.0275275708313, 36.9100845639414,205.045187035826, 180.211015669556,152.760433806353, 129.642465439699,
24.9521964344644, 54.0653577630029,5,10.6132666432617, 11.6914529655931,11.2334652941369, 14.5047066755134,46.3658800124835, 38.3444304661055,4.33128725554995, 4.33249945367102,7.95949163942132, 10.8350939062529,13.1973502405499, 10.2712317004813,
22.2910785743901, 48.3902175863338,7,7.27041508120547, 11.2966958426346,9.415793993756, 11.1409450135457,25.236052624131, 30.5187156488297,0.101355053210488, 0.192307692307471,5.09362021817436, 10.5578519804029,5.83618094337247, 8.25521803072199,
20.3793710871179, 56.894963907287,4,9.02598214158856, 13.3044754801199,9.92736722661624, 14.3644754237591,49.2192259480531, 46.9848463707871,2.2725525975905, 3.38392213010061,3.95783536016434, 10.156415928425,11.9772022734845, 14.014366684486,
49.2838682052286, 72.2745985885249,4,13.0421605425541, 15.6881669294224,12.0124376898283, 12.8478705471156,19.560450670767, 23.0607701963997,3.43754415327271, 6.45786444841664,11.1067987406419, 14.1828549090283,17.5064854208436, 15.3235384323706,
25.0330670539984, 52.6976987670158,5,22.7887349506374, 18.7323741654274,18.2547000103654, 12.2882741659214,28.301944395757, 32.9408076453993,4.24391337290264, 5.32427735605174,20.3691185311382, 14.4229565622547,17.3607563412148, 17.2031195075498,
35.7010148427675, 64.54098180643,5,27.5795909195081, 19.1617822322234,23.5121828049233, 18.9031297634557,34.1899698788664, 35.9603639235655,2.68763566800498, 3.09161694708158,25.1971402064977, 14.694205451115,20.7907985930235, 23.5737997986515,
15.9714230275969, 53.1727332161086,5,9.37501032016834, 13.6387601408623,11.9778393689207, 19.2646586868013,41.714715895126, 32.7390308656796,6.03047211781694, 9.51664980312929,10.4225373051255, 7.82211634332967,13.3042991112132, 24.5554431520814,
106.98568266253, 100.66278686089,4,11.1894767678606, 14.2323797173734,16.3801777722788, 17.8858947243298,22.0017857180226, 21.2986107875648,9.25829078877119, 11.4542693066508,11.3367421125744, 10.4918475430606,13.5843121152159, 20.7037148572685,
120.801582710926, 140.546836450411,4,10.3267687130498, 14.0189366219323,14.9956941164639, 18.6058311630125,17.6518464151474, 21.3120945550791,13.0189551455934, 9.56252063501008,11.5718178669125, 10.4264195905952,16.6526161439568, 20.9856622022061,
72.6849087408481, 81.093145502163,4,16.1190500660291, 22.1508994701588,20.1994251010331, 16.3514074383387,22.9200524805209, 28.0905168949344,12.7309969651039, 12.2914598221193,22.554111334623, 22.975296116946,19.1968034056765, 22.8603110028381,
72.3669450642264, 79.2531780093142,5,46.1906019004894, 48.0678401290849,37.8390864335839, 28.4471248028617,24.0109656136245, 24.1530711336388,11.2710592291565, 14.9134019439724,45.5979012866112, 45.5909953030512,36.4780284285475, 35.4183826655181,
41.6299796545102, 54.637080153482,5,42.3877489195807, 49.379145063922,33.4599878650289, 30.9786396115011,25.0458937377063, 30.0197909376379,10.1465188209979, 11.7356538000304,37.0349509450496, 44.3458533680164,36.7813853690235, 36.3808725281497,
45.9265281114619, 55.3881895575425,4,11.5663515430753, 19.0337250676462,7.80975316167976, 16.0572186418488,22.6420581246172, 28.1663792535661,3.26228627675266, 3.03447182489605,14.1593741650512, 18.0233227945218,15.5696882975254, 23.6067648123891,
52.6430177124462, 53.23005042744,4,9.27130744223083, 14.5736271872173,7.5448074338055, 13.4283184254495,18.5476192570132, 27.6200420424707,0, 0,8.68777769623162, 8.47289501607531,8.0772832443556, 18.9097806690784,
37.9742120504468, 29.3001683737944,6,3.40935210178551, 7.29531190814756,5.42789939520646, 8.71251241384278,9.6337469871343, 15.8043531897961,0, 0,2.67749937200154, 4.51230990862346,1.90879705542109, 5.18012527861694,
35.7236664128783, 45.1776504209858,5,1.50672821018028, 2.72235142161242,7.03284818114418, 9.79394995498084,15.4026598009972, 20.2390303796522,0.880129463524507, 0.832751207554293,2.90331777130972, 4.37830343635833,3.96217802199017, 10.399486730225,
48.3149025971808, 45.8601585692089,4,2.23912780456936, 2.14546642793482,6.44034593067096, 9.39201628220635,20.634229004772, 22.4530075959196,0.751745063305449, 0.801975489817855,3.11676029486649, 4.26617613570004,5.44271585553165, 10.4752221349929,
85.7712266401172, 78.7386908878471,4,2.87381434629639, 2.6590878369914,6.11195071643642, 10.1946681182653,12.8796705185943, 22.2988924974317,0, 0,3.31340824794526, 4.84010523250287,3.58680620031118, 4.89037209954203,
53.5833567834385, 52.9929190144884,5,2.86174297177109, 2.50829802540285,4.55223309274054, 10.6009505831018,15.0579010491539, 21.3877918089442,0, 0,2.60126247882393, 4.62501626405404,0.805087148823548, 1.96964210937849,
48.7506421537331, 33.8230882489997,5,1.88726757269665, 1.80053869705197,3.60440403061897, 8.98776456331982,11.9714703185379, 16.8161239119171,0, 0,2.77864314300318, 5.29322806065238,0, 0,
42.6078036171608, 53.1270276155073,8,1.77256141448468, 1.53464892980992,5.10714298922421, 9.81325713688204,16.3540219066059, 19.6265973869876,0, 0,3.9289763331394, 5.09709776555834,0, 0,
59.9427827735641, 51.594903117011,5,2.31955443733052, 1.53625084997791,7.69763303960218, 10.2170063672921,14.3785454239149, 20.3757526112795,0, 0,4.35683930176349, 4.16648717504228,0, 0,
13.8684270902201, 28.5563830232206,5,1.24563171637692, 2.3995389106232,7.96659855673549, 9.13202766256914,20.5056889518332, 29.8167438700042,0, 0,2.64824758431602, 5.47143326865783,5.34590748662233, 5.36548968763863,
18.8980863456417, 28.4053282813191,11,1.91392941913811, 2.2793074190533,8.23616941436229, 10.3877295810276,21.6694388274514, 24.6276135349923,0, 0,2.59784497166517, 5.48570517440786,5.35119714385172, 5.54798859447907,
26.4277481633597, 28.1088903508562,4,1.26640295929786, 2.01186284186328,5.14717561474302, 8.63190536083454,14.6767833692662, 14.4708328971837,0, 0,2.02157081783365, 4.40852501086504,1.58165150512493, 3.04872056751309,
14.0564454519328, 22.4989511444724,7,1.76669316764096, 1.55754587266814,3.36307616637113, 7.81214438970019,12.6721416621307, 15.939826974324,0.639795578870968, 0.564431174350103,2.0176187980479, 3.46647244884815,1.77598764050682, 3.38147042260263,
17.2105757101983, 24.5499843803471,11,1.40893606748853, 1.15733544768879,4.46216016213529, 11.0676682856771,16.5448045680335, 15.102691609217,0.74801986511081, 0.468057539943772,2.55945090584375, 3.40125385189292,3.46690838231318, 4.21318034041926,
17.0660102319049, 30.330678034855,16,1.84248667201344, 2.16112954922595,5.85963667877909, 11.0360125134702,15.6588838742581, 13.6731676780221,0, 0,2.54856894149168, 3.15736842214912,4.25658133830328, 4.41299227874832,
20.4066557326841, 21.7507547270065,4,2.17279533458445, 2.34127585485233,4.75509853023599, 11.7433584435523,11.4300419981204, 15.5181087335158,0, 0,3.82384754333721, 3.9576349260966,4.03889065496984, 4.99985186394863,
17.3501764585796, 22.8458221089582,11,2.76348412106164, 2.31829343618951,5.35405529142757, 11.4333114247824,14.4154171033148, 18.212033558626,0, 0,3.96169866845348, 4.09530696946936,3.20672110604058, 4.80591706594703,
15.4641550779607, 22.1793668603465,4,2.37632116160698, 2.40167009874008,4.50909341514883, 10.7744569595869,16.7477459737944, 21.3249146596557,0, 0,2.79689186262523, 4.68729190730616,1.31787230326362, 1.94961020875465,
16.6261158084205, 23.2416394875974,4,2.41300336570256, 2.93161014643172,6.1340750832729, 10.8041770978064,16.9955731454016, 17.1843557668479,0, 0,2.13047509588421, 5.51549544540361,0.47429474297914, 0.692174095606919,
16.3746320663705, 21.7047278292268,8,2.25821023719654, 2.7100811273851,7.82649176773432, 9.22876924846151,11.5598893176929, 14.541838071699,0.249338882059897, 0.242456215232806,2.74002361750132, 4.46033967396458,4.09411910070308, 3.07939026001349,
14.772806890247, 19.3421636931568,6,2.57758051038443, 2.02832752116587,14.2744591825543, 10.3087357732035,11.2906619662924, 20.1302354950654,4.06776709057804, 6.08362672807033,6.44763895783451, 4.29471918064968,12.1358458271551, 9.82243035517388,
12.4671593029742, 24.4474767905979,6,2.68465275842116, 2.63716225048254,13.1433300963169, 11.3871560866525,16.0583419538615, 18.6771950701595,3.95643505751342, 6.06544736494241,6.41849040407168, 5.08997260587105,11.8782747570315, 8.9466815965376,
17.3910056180613, 26.9833530068425,9,1.12126907910965, 1.96118512285326,7.08054201814932, 12.226640167982,11.1157550880393, 15.4886225820911,0, 0,3.57700486109222, 4.31244189644009,1.4354728693478, 2.46557976186556,
22.6096764369076, 24.9169986231045,9,1.18575724325141, 1.22965489833629,7.66468188656315, 13.9279893937884,5.84394364151064, 18.9989783600269,0, 0,1.96327264119808, 3.67458323158868,1.3402300618002, 2.20296191629604,
20.9623261086148, 25.8740025395178,13,1.68400613070469, 1.8952563293917,5.69709270335394, 11.3967813271051,11.457771800888, 22.2507836201764,0, 0,1.79002469771155, 3.42758789676273,3.63619910031047, 5.11418986109336,
24.4543901738126, 24.5455845967804,12,1.41787083907685, 1.71941126953736,4.03827289338059, 10.2807314941403,10.9613390947933, 16.1802274400741,0, 0,2.67430346105981, 3.87630195890426,4.4696564357841, 6.20607527757957,
17.7575386001623, 19.9734900728429,10,1.76099409942487, 1.70471741301262,4.28745356995709, 10.922075847633,8.24775334745835, 11.189803490872,0, 0,2.5581788949457, 3.6367878472792,3.64386860603498, 4.77065853515926,
18.1745987286434, 22.3752116391121,16,1.3754509374515, 1.44369167439561,5.81116753914363, 8.45964017424112,8.92013663698682, 11.1625128179515,0, 0,1.82003487234452, 3.12600654308332,2.19822179646926, 3.4428756385566,
16.5708802255819, 24.7079586947699,16,0.942208479351041, 1.10444827908537,7.32703706638751, 10.3940520734734,6.07824482789587, 10.9368355517277,0, 0,2.17048481537768, 4.88029646824328,1.41197675863249, 2.11490579953611,
17.5352369644436, 22.7124353675857,9,1.26183730376231, 1.36567032475363,8.51794293635212, 11.9941391284502,7.40738332355446, 12.1351308448238,0, 0,1.94741096258129, 5.35064688989051,2.95953288068928, 3.83142162164856,
16.9544009222228, 18.519182048747,4,1.75463556954353, 1.54666520934142,7.30752511077269, 15.1865430863705,5.00429785288037, 10.8026013900694,1.11216866339048, 1.05505726940306,2.23556868231749, 3.82763320268834,4.46547400040996, 4.2203762530968,
15.1898742004871, 27.8071858334589,13,2.10504958156729, 1.92639321141232,4.51658392285372, 12.6535114049385,9.55585963200269, 15.3368336999691,1.11216866339048, 1.05505726940306,3.13139654436549, 4.27845531145117,3.53496543739554, 2.86240660884264,
35.6336964482515, 38.2199900467159,13,1.73508226267059, 1.66944977140875,5.82621671999173, 9.71228485179082,13.5863076092721, 17.05713816928,0, 0,2.7167910535226, 4.61482879317304,2.12006489766625, 2.54269764549611,
54.2048460311599, 34.1157198139128,12,1.52892247497117, 1.77890166017969,6.01735887191238, 8.17870156549702,13.4736487790635, 13.0667312769088,0, 0,2.40479883435085, 4.23708255161921,3.88841356083315, 3.40518408777893,
49.6840777975671, 29.9666017161318,12,0.933317015835091, 1.55823344891666,7.72348718384035, 8.13528107355545,14.3996213324215, 15.1394416592389,0, 0,2.48521344690247, 3.85777720047563,5.01209058770274, 5.09105396582152,
38.377496222777, 23.7474985003423,12,1.17770967579607, 2.05094583332222,7.00790441685177, 9.85079099857471,11.2306373371682, 15.7263224181279,0, 0,1.93790792039396, 4.87606611827067,5.30364512330841, 4.99650945361329,
34.1437696960384, 22.2219976460637,11,1.6894995498496, 2.60355546152264,5.96913048763648, 9.63669892942381,8.005514967873, 7.28700429558867,0, 0,1.88224828236826, 4.44766852445284,3.87237863159237, 3.8273196433373,
23.8343140863328, 22.443969294298,12,2.26236925758331, 3.47205725541319,7.727755159434, 10.2570588216439,12.2577180077036, 15.4701379635513,0, 0,2.08975062065768, 4.09330914718441,3.44960465114474, 4.66069144743131,
16.9449967178733, 18.0140599796643,14,2.31362975935763, 3.19393155788006,7.54491126237971, 11.4255796417785,16.0607366785147, 15.704967687575,0, 0,1.88354149849953, 3.4123473974164,3.28565020062796, 4.0976893623,
22.2465012346742, 17.9841872433584,12,2.07721209899606, 1.8982061384828,7.37985800050801, 10.95218343105,7.42077338674039, 13.7061270185323,0, 0,3.5234472768409, 3.62536288203229,3.03473534769158, 3.90229264151073,
18.9842255337387, 27.6023687506123,13,2.58800987939976, 2.45433670972974,5.24715698744303, 8.97175155450913,11.8798664043208, 13.2432359518764,0, 0,4.17001981032553, 4.22512689282909,2.3716864729695, 5.23424400351285,
12.9091194485671, 26.3161419328583,4,2.29566872787993, 2.27895551696111,4.08104238004845, 10.0409735131153,13.3964452174681, 13.6508990343689,0, 0,2.43253625878079, 3.58502070192973,2.83908103882406, 4.71967981382099,
17.3397614780561, 21.2742203885276,9,1.31809643543023, 1.41811085564995,4.56926334079701, 10.3764794193414,11.1481015205281, 14.136784997183,0, 0,1.99613071405197, 3.84049289737695,5.85761530936741, 4.78890829420638,
21.064342851686, 17.2106613518549,9,1.17501098535262, 1.42911121601614,4.46630211515288, 10.3767335261801,10.8178451118359, 11.6892489296735,0, 0,2.17175075795613, 4.56601191277911,5.45710712566132, 3.57616446353081,
16.6520492437295, 21.2116890991796,14,1.70094891139262, 2.02546898499086,5.16616139291061, 10.0817423946158,9.91965601459537, 16.7291524693438,0, 0,1.99372402137603, 4.84964332739013,0, 0,
10.6914333931766, 22.8664889873322,5,2.2380255651911, 3.39516896615883,7.58126920357839, 11.1332960306455,12.7515708081671, 18.3390532211913,4.40220783799049, 4.35251440477706,5.06406475931666, 5.6503899394572,7.79251561373785, 11.3818376745022,
10.379946631071, 19.758729619026,5,7.25544932997288, 13.8860568725977,7.98801143238657, 12.2100266974478,15.6064195415837, 14.926297934395,4.41668402751291, 4.41164361913144,4.96573149178041, 7.31424980798096,9.61382757740976, 12.9119711066447,
10.7227883156018, 20.0531206719371,21,19.3642674730259, 15.588860922644,5.6388051745319, 10.0517205829501,18.2452555985362, 17.8997867675151,1.13127922123676, 1.26164233265493,7.92026076978058, 7.84156634980909,8.82081955607347, 11.5674857036913,
12.8727106869316, 21.0417940640247,15,21.1691260668427, 16.0707166012921,4.309039552759, 10.1792385434776,14.316883171312, 16.7982835043837,1.23532418218488, 1.17400025068064,8.92119874351989, 9.7706602741509,7.14692303798085, 8.54258605739523,
12.31285200799, 26.6431430917963,4,14.2900877457613, 9.28757835777045,5.28428880678548, 10.4553752928293,9.29885141786645, 18.509727726775,0.202710106420976, 0.384615384615245,5.94989648262752, 8.18359710041984,6.28435388340311, 7.92951695813919,
14.4046334218642, 27.2302885056927,16,2.08903404984202, 3.99748127126864,6.77948135509492, 13.2942508401405,10.8407981768624, 20.4879869219407,0, 0,2.29862564821842, 4.53574355251285,4.04133218509314, 7.5600803366439,
13.1862558146353, 22.3039152580727,4,0, 0,8.21689658454445, 11.2335160043681,10.539668578508, 19.3645125812083,0, 0,1.62490161591629, 3.63903753747948,2.46993153890896, 5.25554994486862,
24.7950811921816, 23.0515445748587,11,0, 0,4.46082089075115, 9.43389832151513,7.84800054718733, 16.1341060875938,0, 0,3.24998737262189, 5.57129751406483,0.893793812335832, 0.430723633883505,
36.4912287810485, 24.1524923439491,6,0, 0,5.8987782624007, 10.9680868450871,11.3702602311534, 16.1950883514156,4.55144755658849, 3.03505058196564,3.82955362452655, 5.66197673893977,2.46537960367493, 4.13250519619864,
26.4171969254951, 38.9014715100756,5,8.17554887929264, 10.7223530034793,8.19247789010103, 10.8408935657676,14.4172236324482, 18.4578031909244,6.82436778455534, 5.20972088142951,5.8809731163533, 7.62688306173864,8.11912160348592, 10.5228844078283,
23.9361474869283, 52.0612774646596,5,43.6141055351123, 29.1801209006039,31.4005959940779, 23.8046078787938,26.6091833143422, 23.2649181630619,10.0386238785902, 10.4302822862231,40.7346827801433, 25.955837875881,33.1621498819783, 26.9102789458207,
24.2025973757462, 43.5918142600698,4,44.1132885420595, 26.908896661757,32.0247622677116, 23.6467281212756,27.0615976479477, 22.6641353729858,9.9717725482698, 11.8203300157751,40.9203822321014, 24.9353256157634,33.0623806770536, 26.9747311011974,
18.9979178778042, 45.9415881843792,34,9.52451321734493, 9.58666590320258,9.67668911582568, 11.5047495530119,17.0101574965426, 17.0909892160265,6.39434997319643, 10.4469301635877,11.466541896815, 10.58185105676,18.7239375923915, 19.3625993086351,
22.8644661840476, 43.3949940652669,26,9.97371931586972, 11.0242331360224,9.74110551663611, 10.9699204348926,11.2045339026879, 17.8141460041117,4.05576306036511, 9.1609809362748,10.1694090762913, 12.0819938833035,17.7473195621045, 17.9422555975114,
21.6744440771759, 36.6910691255075,9,8.03171920154278, 10.9471443334161,7.94307900065794, 10.3158795108542,9.48331848572441, 19.2727818503032,1.781081567713, 3.39399375393422,3.50011597857423, 5.07223702766623,8.30438564009896, 7.22629839508654,
27.6674374166733, 27.1375920981635,11,1.52204886330504, 1.39652685068699,6.0103443477507, 10.1765486832795,10.9654841124523, 13.6517420357213,0, 0,1.97614760414247, 3.91479028894182,2.78084349935049, 3.1498186345847,
40.911493350343, 26.957278857183,12,0, 0,4.47128245842097, 9.55437391159733,12.3720489903018, 15.4737417641289,0, 0,1.06109498090242, 3.46092223718945,3.65534743873559, 3.96738960559995,
42.2616171589769, 30.0698899262185,12,1.34555424599861, 1.96888309461536,5.64357168113855, 8.42189646063924,15.754767650729, 15.4638734374354,0, 0,1.26421227375275, 4.30986768241439,2.50729729731165, 4.9755475241363,
41.6036162454782, 23.5694084740066,11,1.41547695930154, 1.96050648364767,4.66362770291516, 10.9913549472838,17.0717104637364, 15.9063994901169,0, 0,2.32105976762907, 4.54687776027379,1.49958287456491, 4.04769107623846,
41.0126883100149, 24.2754804981666,11,1.80579399992835, 2.04030399757806,4.96976370873695, 13.0264324077717,11.4731942532343, 14.7333648477104,0, 0,3.04666764017225, 4.45685481751688,1.42688206304743, 1.16800978437522,
31.0231055571642, 25.763254156634,5,2.88318123769026, 2.73168667226979,5.7084839913083, 10.9588900066397,10.3808000020923, 13.9203223890499,0, 0,4.31896144292607, 6.4406103055982,3.19271869233199, 3.01453049541988,
10.4197941901558, 22.7335792761149,24,15.7456925808744, 11.2818740176871,3.24237920121138, 9.27891779626695,10.0806932848698, 16.3713789185408,0, 0,6.95338905645999, 6.27372934824867,3.99216295038821, 3.76842594273366,
11.4553447456403, 23.9293444768011,22,17.3144057028994, 13.3947200073803,5.62246122981949, 8.5691909666076,11.8381197958842, 14.5699707305011,0, 0,5.0549989650064, 6.93767598543,3.63440957398154, 3.87319764896944,
16.6675763417297, 26.6546623536601,11,9.31134565802762, 14.6770393181191,4.4502512773562, 8.70181157713718,10.2492039241441, 14.3212408876315,0, 0,7.45147334761878, 6.5024746411547,5.50081139915758, 6.72038128364738,
24.0032827016597, 29.0574574638519,8,15.0179675428542, 18.2073746866181,6.30317569206512, 11.5844479841608,8.47691693447037, 17.1073151799058,0, 0,10.7955475678533, 17.2876943308671,6.90430564684703, 10.9021814074065,
30.1169037074834, 31.9154529886858,10,20.2715757800017, 22.5344328503914,6.75607202385674, 11.8466561779559,16.4388408384894, 18.950559563284,0, 0,25.9632573072683, 24.2408118485488,4.37531258760536, 9.58706367861027,
19.0473800041133, 31.0398852708024,5,19.306093907054, 19.7301212644977,8.61290392413019, 10.1876586702143,13.9651386776137, 11.7618232292786,0, 0,14.2686966801105, 10.558161430996,4.40492747508048, 5.12131736799809,
25.9122753864225, 23.052704105897,12,18.4927830555701, 13.2331578980578,5.99767481907574, 7.2724361796203,7.51145448831281, 9.83689016780866,0, 0,10.9167142866751, 12.0352889357434,3.78581984701833, 5.99350754662125,
33.3803460124314, 24.860053085528,12,6.95022472387594, 7.2418942192492,5.5604194171862, 11.4818425787139,7.09859314367863, 11.1387984186655,0, 0,6.14787456048935, 6.98502786296272,3.03731695121113, 6.02904468209085,
26.1854364352574, 27.4335732551179,11,7.69313242099911, 7.26517981073043,3.90439630722841, 11.3233780206826,7.33179983934396, 11.9238556143608,0, 0,6.19706672897333, 8.42615289773503,1.9383327872774, 3.92983149523416,
33.0932021341696, 26.678541018166,11,15.8887373620764, 13.1609007593182,4.87275779202135, 8.1789245265245,9.32169297492288, 15.8439638007386,0, 0,9.68402069723209, 10.8719839761484,2.65125303805743, 3.33006944583908,
31.7844547445143, 23.8753329512304,11,13.8547022903722, 11.602235004519,4.77033387993882, 7.35268809048381,12.4067061851472, 16.2405999478905,0, 0,8.90393728642751, 7.65302421036981,2.78829986130902, 4.76141362288979,
18.8335419603071, 29.5637948902312,33,8.73504802184474, 6.60238236819426,6.49509911212933, 8.92250466750604,10.214554081563, 12.2765266685788,0.697976980964903, 2.96621727772771,6.84726945816356, 8.60157919917216,5.07676844794667, 9.73326867835066,
18.0832228148791, 46.9225678327317,26,13.2130004243993, 13.4205476519456,7.40422912170916, 11.3680992946425,7.79816652769017, 12.1382361870982,1.09015557273489, 3.978260530519,7.53587003430311, 11.2359326207544,8.80110019897079, 19.369386475848,
20.4736028807748, 43.3446374750865,26,13.2850150745923, 14.4794971662886,3.83581173441437, 11.4666900627072,5.37544075972501, 16.499426864565,4.25115675251182, 4.28933032836732,7.45149542555964, 8.69952003307079,8.46551851811212, 25.4504297455808,
22.6340176785289, 35.2919746688105,4,17.5879285398064, 13.9575164861141,7.95668478175565, 12.2296059244491,12.8651797593752, 17.981278160647,4.23648129920566, 3.47290950060933,15.6288235545558, 12.8448358519062,8.76169739151687, 21.161238195827,
19.7901286464391, 32.6257979792491,4,12.3844013794927, 18.3068701573316,8.24695618440468, 10.7274961024833,12.9514761706385, 15.8336420028248,1.0897221700134, 1.20471856318791,12.8328437449674, 11.2573544433766,6.80987500147421, 12.3327637536657,
16.8941095040556, 24.7147057728468,4,11.0637454806986, 14.1226242246545,2.34670688920334, 6.60916236294897,10.1693169419946, 14.3276009561857,0.620464948700682, 0.954562645358836,2.66797714205502, 6.418706164862,2.25363604076853, 7.49683014484243,
20.3202033904012, 27.8883465318568,10,3.90943562146599, 7.48490678250823,2.84122446007494, 5.84631478028402,12.5331133061007, 11.3117545442657,0, 0,2.80381188765943, 5.26894141687095,2.89457338659893, 5.786968648803,
22.4535533942824, 32.9772945012775,13,3.49846766007698, 3.23908877315642,4.0234484107694, 6.30752260080173,7.08673464405308, 6.67552979503369,0, 0,3.19257085497158, 5.36957565233286,1.86470376902168, 3.61223992922926,
28.0972408556089, 29.6638223819054,12,4.00003455356177, 3.32927880207924,4.55777178821771, 6.35049580291315,8.31046598548554, 11.1723145711231,0, 0,3.07434775893609, 5.12658021923082,1.58759228026358, 3.80976379941425,
30.1898334259191, 26.7207362962874,12,3.3280512719491, 3.60126601535401,3.13786979033121, 6.08240011422881,15.9014199895388, 14.4071636067448,0, 0,3.39756388854957, 4.41389681717094,3.38719596699116, 4.70966552979425,
37.7621176631441, 23.9637429404587,12,2.00425277182097, 3.75123202163503,3.18665788078691, 4.38473639329051,13.2492660523394, 14.0123240183822,0, 0,3.3702927267727, 4.40295143594552,3.44032261624361, 5.21516070676197,
29.395612413918, 25.953280768149,12,3.32872015752778, 4.40843746362168,3.06667917335649, 3.84556303605423,8.77441442720499, 16.4315587348445,0, 0,3.69068776630873, 4.28564870680126,2.44578913514473, 4.93267908414273,
13.8118133828029, 24.8373044310402,7,3.13883399828946, 4.7477856853489,3.14346358668041, 4.91793337038047,12.7469483065196, 18.539049319045,0, 0,3.78410023769255, 5.54783589264551,3.12212893552515, 4.19656500952652,
12.0843978910586, 13.9497137987142,5,2.15433836187109, 3.11887021628788,3.66815889085295, 6.38878733077421,13.3267491312028, 14.0931576766283,0, 0,2.69894381154515, 6.5652989782525,3.6246396812889, 5.70931811031874,
11.4503551416874, 15.8707717983892,4,2.27927525295637, 3.69905673974622,3.3744091814398, 6.5232306001831,12.797273161073, 10.9818799683731,0, 0,3.12004859748069, 4.77517749646056,4.41656704746145, 6.23126892017987,
12.0735056572233, 18.1168640485045,33,2.85005611041, 3.33734535988515,3.2354139451094, 7.61575843064674,13.1545166036331, 15.1929396871257,0, 0,4.11806176477649, 4.43469948820989,3.46166378255024, 5.78482612804346,
17.7120893955367, 33.5412253693121,4,2.89122661556198, 4.30341215414761,4.67394966999279, 10.8782728704539,17.5926466636648, 17.6870231540444,1.70862345765014, 1.83137761453104,5.52326724376381, 8.14980319408007,5.71352265394489, 19.8428968903396,
19.3221255936659, 40.0177404679702,14,5.04329716650695, 9.96515045102194,4.79773418498438, 12.6954726060077,18.4630917114197, 21.9895318190112,2.7443734148601, 5.52560479863438,3.93613092088929, 8.89587475043984,9.44716776504047, 23.0805007101801,
16.8919359718085, 33.2775016055768,4,5.52391532931774, 13.9366178680524,3.8727800250808, 12.4024578868909,11.626066181422, 12.0890587797459,4.20215844454631, 7.58489507051452,3.39703418588852, 5.56735118032464,8.37975843879798, 17.6694205497025,
16.6903230497682, 31.3594422112639,14,6.51857211831549, 13.5121294480785,6.28517031518762, 11.8933933504552,8.0867213577757, 11.8634038539584,8.0339775943619, 9.49549697251113,3.46090340623443, 4.97136634333997,6.51288184121871, 12.1943207510523,
17.016223718403, 25.8988099300994,6,5.51455653106461, 10.1476118817234,5.67295798590764, 9.9019044241386,8.99000651948491, 10.99902379481,6.81351612486001, 9.60404869289294,4.30517775348529, 6.04872505338535,3.5455423864502, 7.74403202643887,
12.0327899844721, 26.2684376612367,6,7.06756760266047, 10.0104405088109,3.22199291445637, 7.03926716913465,9.20767428929765, 11.1120738892631,1.87728731556528, 7.95089898878527,3.99468143624109, 5.09832000627526,3.32762363162048, 5.16639380013303,
16.8336403546433, 26.353854490353,5,5.76731939409559, 12.9210777086865,3.13523634797118, 7.16519381113584,9.48813815583602, 14.9599702009651,3.3841176657141, 8.55565639275881,2.336317285661, 4.64620245005809,3.36625785613576, 5.36028200499108,
16.0428234495822, 25.5126487240987,35,6.2347890860538, 14.3772376077912,6.46374180677517, 9.10774399161276,10.0402912588882, 16.1750074772195,4.85764331812005, 9.78553812405761,3.46050276000331, 4.62889019329605,6.682609442326, 10.3099868416017,
19.2770801992795, 24.3054834885825,11,6.78969545185163, 13.4504699881668,7.07382936394342, 9.32132958727159,7.95902810595605, 12.8678551370727,7.49826128188517, 9.30663662084307,3.99154085356322, 4.58015525014053,7.70478902358629, 12.4160866247313,
20.1092734756192, 29.5195873497602,10,9.21568175878135, 13.1498551159471,5.25461485640468, 9.74749160036566,12.1042181074037, 14.6908538246747,5.87527955410171, 8.20298514189854,2.3630345977779, 5.44809492938447,6.523811406929, 13.7532727156046,
13.724890267381, 29.8806542060199,18,7.00354980916435, 15.0582485753589,4.33905415542373, 9.19406244829461,14.6087858187033, 14.3022611865615,4.63150543169805, 7.38158559119406,2.21539679456818, 5.06644480581446,5.71178341560074, 12.5126008394143,
20.7059966837092, 27.4115942575517,11,4.87330755572788, 13.5820508451601,4.10517260608927, 6.6898484106049,5.1921827766312, 13.0587710415792,2.86637800659414, 5.65547853512977,1.47857933886662, 4.91946599788102,3.54960795839563, 7.41320706382405,
20.0868094020324, 23.9686049361574,8,5.16000901655156, 12.2935160447485,3.39892144807722, 6.69182375670853,4.18081843024902, 10.5564835933989,2.72399296866995, 4.55107194648965,2.05294389326111, 5.62669679798683,3.50732671341537, 5.93308379846313,
14.9925917172468, 21.3072573351658,19,4.51339274894584, 12.4376890981934,3.01618979355058, 6.62750538242043,7.21428793628502, 8.88946812547828,4.67415368862554, 7.75491052171413,2.98598734024956, 5.53558120931031,3.42768528056098, 5.26539477989981,
14.6259218313305, 19.2392427854384,37,5.43310150002269, 10.8532776486254,4.51742483607438, 6.06687355548694,7.91279667572596, 9.73998478032145,4.0488320145355, 8.24411772519027,2.54101505318912, 5.48271943726201,3.31963188248537, 5.15909557239202,
14.9863078089311, 28.0718945252272,8,5.66047027982947, 10.5041871411492,2.88085067599617, 5.88195317446803,8.53983246610077, 13.179287994988,4.35829660045191, 4.39013852257499,2.33358399057449, 3.60326342967352,4.20404473516371, 5.51148744682888,
14.016218971912, 31.6791713703044,4,7.68721308845064, 9.98634917395251,2.60906292813978, 7.00182006368707,6.87447486724766, 16.0023048891524,4.11703218355936, 4.01506541160996,2.67443124573421, 3.61372296958047,4.25886113174258, 5.43728808206449,
14.4877438597876, 26.9970815925285,4,9.86857626710136, 13.3644049350479,4.25305402790763, 6.78602559458268,7.22244685006719, 15.1016514106305,0.975158366277384, 2.9891573747869,2.02832807820939, 4.98596912812173,3.4201249227955, 4.8675177788809,
16.0999755605985, 30.3628799517685,15,11.9286721987254, 14.2888402061747,6.13960714023857, 7.62574804871933,7.5295308235782, 13.6375260464436,4.54151606965503, 3.83368953114575,3.9722341896792, 6.29377311891009,7.61834647443317, 7.7289239054528,
23.6185430570971, 30.9830401451085,12,8.46638815941525, 9.18460803818306,7.0469056530034, 8.55006215755544,7.84387652794841, 16.6146233162572,5.48485960025903, 5.92809852552063,6.29451961517681, 7.38960544191655,11.2501178189888, 14.8866707367955,
18.6460609439974, 35.217664522151,15,5.51715462889307, 4.24360096651454,7.98842667592126, 9.34490420104766,8.81860455588617, 20.4448860949155,4.3791440883739, 5.51190969249283,7.01481413204556, 10.4953113369498,10.3225291255107, 19.9836507159983,
17.8383983351079, 38.1772273286275,6,11.3708340780679, 10.3242078304862,8.23000054503789, 9.75018128001269,14.0536482516305, 21.2739062337051,5.44552762805691, 5.49887649212128,11.9672913235987, 13.1762433512344,13.2240041703158, 16.7865258024877,
16.4774576008378, 27.2288424922068,6,11.0250707609932, 9.88120636351132,6.37825310703629, 7.52260342909483,9.42120875159551, 16.9328995040735,6.68937331332017, 7.49330756895765,11.9646198483582, 10.6204009189425,15.590792604756, 9.38438594669902,
17.8284277258474, 24.8513044137774,5,9.04373485129625, 9.36461764933964,11.8858823354947, 11.745939200199,7.23968638366853, 16.7803470810583,8.14252447177777, 9.76037856704378,10.575676582805, 10.3709922754714,16.9040025362518, 13.5150867434362,
25.4115835004905, 28.3451942449088,8,4.66901828336342, 8.09405846817618,10.111426371318, 12.1071769095819,9.10955061539841, 16.3332927371503,5.92640069982605, 8.27872521780635,4.48254029474356, 7.93929240522439,10.2736052978212, 9.04836607094695,
23.3825401816888, 41.9556168604669,34,4.36426079917881, 6.83555035862249,4.33137158785775, 12.1815508328831,10.4460122542341, 13.5640563129207,3.96650235280718, 5.87836803084237,3.33569580880408, 8.24346862421682,8.33641609236827, 17.1362101913876,
22.9629866111026, 43.4661079296967,28,8.30332696304941, 9.85038370651303,9.94061239493445, 12.6883386961772,15.5029172986556, 19.2043100257992,4.78400939076697, 7.18418431762206,4.84994719413993, 7.5570369661253,11.173517018706, 20.2433433790191,
19.8728359252761, 37.1699221628147,36,6.69932238927159, 11.0913537791249,9.81114314555654, 9.32702212846953,25.6480389952191, 20.8658919992833,2.60000377146474, 4.74326026077914,5.57234438985583, 8.56328563476542,9.98680351216698, 11.7240021448704,
34.2623995279765, 26.1169242540562,8,7.33871115489791, 9.295530025422,2.67873208514983, 7.98480972763817,15.5560280650317, 14.3067439464892,1.53515933675183, 6.02446653600652,4.95549328185506, 7.70515588739652,2.75465315363981, 6.96728296665972,
18.6636340430531, 18.6472476641301,4,8.29922894428373, 11.0485752809458,3.45713946671252, 8.34627158417291,16.1661383078412, 13.3080559430293,3.51253881228044, 6.9286851406113,3.42810877206533, 5.91178373510496,3.109020299629, 6.49752695868882,
19.4979050662694, 26.0166776245854,4,4.29557150457286, 9.11581846978165,2.99631390990954, 6.21405133320692,12.864125976572, 11.1383592711878,2.1616497474539, 4.64489314955808,2.59429424973861, 5.74551353579155,3.34637592734371, 5.23128326524036,
11.8831715612363, 22.2926698603478,7,1.67685854890241, 1.94321767272902,3.44705291119366, 5.69160432554905,9.75866241983524, 12.5763396517457,0, 0,2.04765601598244, 4.98278794193057,1.77343067858226, 3.21180258477145,
14.1143918412612, 16.8583349974504,8,1.06697913232326, 1.83664754733868,2.69404491700125, 5.43741122037202,12.7720537347561, 15.1061846871261,0.335058904789446, 0.459713793666405,2.45885172348334, 4.8067649388497,2.39291066477258, 4.11369136929558,
23.2079128376137, 18.4959042123049,8,2.22818541621987, 2.30450953738296,2.52877001258132, 4.66446388676205,13.1214192665036, 12.5428456617283,0.708573146978902, 1.03514250777387,3.35204872981046, 6.37075581765856,2.12249799693504, 3.75871794412227,
19.2593829787206, 25.1566812253298,7,1.88202697209505, 1.75130075697441,3.53315914861579, 5.60489921166945,5.9092014178556, 8.30052109380609,0.396177520540028, 0.689696181307887,2.87442482161109, 6.7327010974765,2.44488362646045, 4.96513574003693,
22.5347821011826, 40.2235531390113,5,0.952109126822248, 2.33977908745491,5.68991513895188, 7.05552467490977,5.57849671076622, 10.8308623979623,0.661418424153514, 0.704398752452601,2.18390264531947, 6.35488188387065,3.13216202464571, 6.92263100681508,
40.6407285936504, 45.2193221335216,4,5.32300080812742, 6.98842280360389,5.68312115226502, 11.382556752091,13.0778106141431, 15.7903548142526,2.70876759119642, 4.94210736531665,4.4563242133161, 6.71373199944691,5.37817994296651, 8.85877475500759,
31.2836337602892, 42.3009791525261,5,4.99904576413935, 8.13956681283848,7.25605405108312, 12.2659115601145,14.598782395536, 13.0156218769693,4.26925355178496, 7.88282523224481,4.48225728878799, 6.61309918981669,4.56016848768853, 10.1848064708937,
54.9750818484853, 57.969705324428,4,3.597295189007, 7.36369499287845,4.56090531914254, 8.62199625348453,9.45574534442554, 9.03615866507323,4.40173535215954, 9.03813738060936,2.55968139071468, 4.73036315638673,3.64794772142934, 7.1400977623175,
23.0797809366155, 28.9449208440251,30,6.69554542529324, 11.3115283344533,4.32170344536124, 7.44213212708498,11.9039746404028, 16.1568613281903,4.18778100383183, 6.00314171973521,3.99936198391248, 3.72314089799906,4.38813281582437, 6.41112263389909,
30.1729601087473, 27.7045633638735,4,10.1142371913052, 18.488318184941,5.46915879262315, 7.44051641448347,10.4146572124288, 17.4709469194653,2.31686391988425, 3.0045707463975,4.83391001057983, 4.64883853687487,3.71305785454136, 6.83378790676112,
31.0052782685655, 28.3751873050867,4,7.61597713284057, 15.6805406378634,4.82672684728221, 6.45837362465699,7.05386577233651, 13.7404150071535,1.1850706071448, 3.14785348309163,4.04383186034272, 4.61301041313954,2.75843805437693, 5.98206026591666,
18.2968124736062, 24.2699425016163,11,2.88497812487432, 2.29716654807657,4.5803820773897, 5.29378520188712,12.0202586733485, 15.0244469077504,0.566760752243084, 0.93431267242362,2.14180916875796, 3.81682832501917,4.09104090602879, 4.64197762523665,
14.2470670914911, 20.7879182538758,23,0, 0,4.95109728730561, 6.42272026212544,12.804203837633, 23.3814011515429,0, 0,2.07944484666667, 3.9823412063475,2.61044925736096, 3.85851404433318,
15.0871882957423, 20.7307030235269,10,1.49514178337569, 1.75240062300312,3.64246732962859, 6.82578581795978,16.2080684869216, 23.3623390846533,0, 0,2.19172547160256, 4.07442487132687,0.955928941389522, 3.31660300219551,
20.0876119113749, 28.5108665841382,4,1.87163975541534, 2.60939006053251,4.86187100108679, 9.18302267057361,12.1134563467973, 18.0328582496139,1.88059562234487, 2.55714866439922,2.56201531432711, 5.34804645102646,2.54641540363643, 7.00652761312409,
21.9373179583737, 33.1172045404785,4,2.19793275783678, 4.19905510402517,5.77784722934775, 12.0840339894344,6.42708950621663, 12.5995747242356,3.39352462324041, 5.85068411033484,3.09791469406125, 6.3528576068817,4.47117929785309, 11.6504142477118,
24.1559078809116, 55.8288110019195,23,5.10692338367886, 9.93043286179499,6.56838221719582, 14.4151944736446,10.5170411947579, 19.2877386381569,4.65556340505098, 7.92664105522518,5.89958630723195, 8.87255088076578,12.9415166830968, 16.6581846821215,
16.1071194266975, 55.2053152613782,23,7.06249252872872, 11.2134688383949,6.17041647919357, 11.9647053994867,11.8543590866841, 19.1371770607828,2.84455280359645, 7.24581400659959,8.52183234012963, 6.64830540195357,8.86786150133313, 18.1367639641893,
12.8548036012431, 40.4952489386921,34,11.8173370574413, 13.2481640944415,6.29108865998657, 9.90787054814504,11.8602599394615, 19.1839553181666,4.05350300621251, 6.20779736934534,11.6531391810937, 7.70294533475636,6.3251426510648, 17.4293454766319,
17.0379097423625, 37.7154845458679,33,11.4022425482443, 11.6003768650197,4.12094303125045, 10.1810264575214,13.3680529966869, 18.202470841337,4.01414369751754, 5.92818353987856,3.76693207424738, 6.12173104474241,6.74327981908162, 15.2537802996173,
21.9175226551087, 45.6342998378222,21,10.4895151813792, 9.88832317363349,6.37858306429848, 10.6928277310105,10.9304401015888, 17.2400852374362,4.33599028300449, 4.35084425684051,6.04260596106048, 7.45452813163388,7.61355157320576, 15.4706031061875,
26.1872390639531, 44.3060931307082,4,6.76599353306254, 10.5529644184131,8.42779400421355, 11.972329846327,10.026478654975, 17.6381295530848,5.63436638873374, 5.06382091443075,7.21337175389484, 8.62624320073731,10.9193125109588, 14.268283211803,
16.2777656386155, 46.6145921271893,4,9.24767175858716, 12.0086604833194,6.97506728118407, 20.3472111271166,19.0683113423216, 19.6036124924103,5.91374168325441, 8.27112450859581,5.25408939339083, 8.50605418376103,12.5948971671851, 25.8828611361149,
23.8532472886569, 42.4118619492602,32,40.9093968984646, 37.472293682913,24.6764468971211, 32.0797207485957,22.7290749069489, 27.0885430928125,6.93881399743121, 8.93253719368581,41.3207849731181, 35.1175671511079,28.8346273468958, 33.9490930150769,
26.6725713857495, 38.2235690994823,31,41.4802510111054, 36.5460310397037,24.6011750770513, 30.241154688608,21.940606952589, 25.710882470988,5.21104762298168, 5.3084674905733,42.2783497681986, 32.4539502340441,30.4549159379982, 34.0461410639483,
17.291871177892, 40.1258044580915,30,14.3333920917841, 16.1705162503921,13.4351627497277, 17.7968557015584,9.85330823689525, 14.4787865224937,0.740487323855859, 1.0609011583933,6.2731736118714, 7.80375380975982,12.4712373281812, 24.165782207093,
16.054193403992, 44.8029300968378,19,9.99119624008192, 10.5081349477882,8.03572903538347, 13.9867978308374,12.6826826536607, 16.2832476459544,0, 0,4.06581147502537, 5.2719835458301,4.34860410239428, 8.06080088199738,
20.7991669304775, 40.0095090111525,4,6.25328085668611, 12.2818353729227,6.39194148316928, 9.43116196733701,9.17888737931885, 16.0616051359659,0, 0,4.81572382750294, 6.37109270951353,3.59711553507333, 4.17144115360429,
20.1413721553237, 36.1709968630234,25,5.26947375852797, 10.4550627582338,7.47802786027373, 9.78469319736345,9.02160372769302, 14.6141465944444,0, 0,4.55927704883559, 5.81445664606418,1.8937866056409, 5.7551979702887,
17.5487555390049, 35.4295828994663,6,7.90347974939903, 8.60925764833932,7.45715650243478, 16.618329689215,11.0702553844846, 15.0422077150626,0, 0,3.06622489122581, 6.2975116749735,7.15706522486457, 13.6574355218992,
15.9096720846045, 26.5491326793226,4,6.9388000496116, 7.87982507734025,6.01988093906379, 15.7482434662384,9.16504110446285, 13.4398596326991,0, 0,2.03093907506566, 6.59005132839194,6.95473457287376, 13.1029923940291,
15.5381682541226, 25.3914366880756,5,4.96425336204593, 6.13710192474219,4.27138898714693, 9.06786882656964,10.0246713863787, 12.4988419797911,0, 0,8.63445026780157, 9.28256420325007,2.66756408297383, 5.43689698497839,
30.5330110054663, 60.3779624274483,4,8.66983756966135, 13.3220810950482,7.55699609241397, 12.1179760195271,14.1660334120781, 12.3938202242097,0, 0,9.15654397099588, 9.09128350791262,8.16056529585934, 10.0039613734008,
25.6079107022132, 72.6531766126945,5,11.7345986452552, 13.2338031023921,8.91400728089334, 12.7729208800797,14.4876768976543, 12.2556197655067,0.708573146978902, 1.03514250777387,4.94838164499069, 5.95417885919818,8.67131643523593, 11.7488938630329,
17.7666956175658, 49.3789979844648,18,8.98905288342285, 7.40506304727184,9.5488854643171, 11.8319970992802,10.2962305733657, 11.520622250581,0.708573146978902, 1.03514250777387,4.76938999867484, 6.60755754751847,6.10656047076828, 11.0601465707546,
20.4878526062557, 30.4371047651415,6,16.2323119473797, 26.4699695444398,11.2977835582143, 18.8429282605522,6.87744401111397, 12.5082271756896,6.41084685357789, 11.0962427889688,13.0259675951967, 16.1123015218933,17.2817630734777, 26.6772265547827,
13.3919947548033, 28.2883137120176,23,14.1153425887437, 27.362927975974,11.2063847236696, 16.6936744920673,8.15585350650637, 11.9252139833208,5.92440602781686, 11.8120052086528,12.0998296041312, 13.8112058429929,17.1578122701321, 26.0911193062243,
14.5280956293861, 34.9033568342883,20,5.67477870914026, 10.4801081751698,3.62585646119825, 5.94352866984797,11.758156094911, 12.3103640409001,2.19025252597579, 3.82818913790023,4.47233074162999, 7.92918452910688,4.01466683596046, 4.66040392053953,
22.938055385671, 38.383298655935,14,3.59623677046942, 12.7084081509943,3.0374887479206, 7.01912656805668,11.4342237994133, 15.8606674860496,3.62291149853238, 3.03465403802187,3.89082988575322, 8.25742177337096,5.19640630350919, 8.76652886873327,
20.5775104422947, 37.5834805520055,22,6.0277496713878, 14.4877196371255,3.72447144106592, 6.42906618882701,8.22388202430433, 12.5358016946036,2.71752132919001, 3.58299465630673,2.4860055119808, 7.40957210493879,3.96659234037528, 9.13183085099766,
